{"cameraMode":{"drawMode":0,"name":"Shaded","section":"Shading Mode"},"sceneLighting":false,"audioPlay":false,"sceneViewState":{"showFog":true,"showMaterialUpdate":false,"showSkybox":false,"showFlares":true,"showImageEffects":true,"showParticleSystems":true},"in2DMode":false,"pivot":{"x":5.400257110595703,"y":-3.1312122344970705,"z":-0.9921900033950806},"rotation":{"x":0.16753365099430085,"y":-0.6733971238136292,"z":0.16073599457740785,"w":0.7018811106681824},"size":0.8660253882408142,"orthographic":false}