{"cameraMode":{"drawMode":0,"name":"Shaded","section":"Shading Mode"},"sceneLighting":true,"audioPlay":false,"sceneViewState":{"showFog":true,"showMaterialUpdate":false,"showSkybox":true,"showFlares":true,"showImageEffects":true,"showParticleSystems":true},"in2DMode":false,"pivot":{"x":1.5408693552017213,"y":5.102783679962158,"z":-5.826578617095947},"rotation":{"x":0.3413286507129669,"y":-0.16377444565296174,"z":0.060525886714458469,"w":0.9235870242118836},"size":3.500349998474121,"orthographic":false}